{
	"variables": [],
	"info": {
		"name": "Yoga Master API",
		"_postman_id": "c3201ddf-e914-7950-d174-5c83c05afdf4",
		"description": "",
		"schema": "https://schema.getpostman.com/json/collection/v2.0.0/collection.json"
	},
	"item": [
		{
			"name": "http://localhost:8080/api/register",
			"request": {
				"url": "http://localhost:8080/api/register",
				"method": "POST",
				"header": [
					{
						"key": "Content-Type",
						"value": "application/json",
						"description": ""
					}
				],
				"body": {
					"mode": "raw",
					"raw": "{\n\t\"email\":\"test2\",\n\t\"password\":\"password2\"\n}"
				},
				"description": ""
			},
			"response": []
		},
		{
			"name": "http://localhost:8080/api/login",
			"request": {
				"url": "http://localhost:8080/api/login",
				"method": "POST",
				"header": [
					{
						"key": "Content-Type",
						"value": "application/json",
						"description": ""
					}
				],
				"body": {
					"mode": "raw",
					"raw": "{\n\t\"email\":\"van\",\n\t\"password\":\"password3\"\n}"
				},
				"description": ""
			},
			"response": []
		},
		{
			"name": "http://localhost:8080/api/changeName",
			"request": {
				"url": "http://localhost:8080/api/changeName",
				"method": "POST",
				"header": [
					{
						"key": "Content-Type",
						"value": "application/json",
						"description": ""
					}
				],
				"body": {
					"mode": "raw",
					"raw": "{\n\t\"displayName\": \"Brian\"\n}"
				},
				"description": ""
			},
			"response": []
		},
		{
			"name": "http://localhost:8080/api/dashboard",
			"request": {
				"url": "http://localhost:8080/api/register",
				"method": "GET",
				"header": [
					{
						"key": "Content-Type",
						"value": "json",
						"description": ""
					}
				],
				"body": {},
				"description": ""
			},
			"response": []
		},
		{
			"name": "http://localhost:8080/api/register",
			"request": {
				"url": "http://localhost:8080/api/register",
				"method": "GET",
				"header": [],
				"body": {},
				"description": ""
			},
			"response": []
		},
		{
			"name": "http://localhost:8080/api/course",
			"request": {
				"url": "http://localhost:8080/api/course",
				"method": "GET",
				"header": [],
				"body": {},
				"description": ""
			},
			"response": []
		},
		{
			"name": "http://localhost:8080/api/getAllLessons",
			"request": {
				"url": "http://localhost:8080/api/getAllLessons",
				"method": "GET",
				"header": [],
				"body": {},
				"description": ""
			},
			"response": []
		},
		{
			"name": "http://localhost:8080/api/getAllBodyLessons",
			"request": {
				"url": "http://localhost:8080/api/getAllBodyLessons",
				"method": "GET",
				"header": [],
				"body": {},
				"description": ""
			},
			"response": []
		},
		{
			"name": "http://localhost:8080/api/getAllMindLessons",
			"request": {
				"url": "http://localhost:8080/api/getAllMindLessons",
				"method": "GET",
				"header": [],
				"body": {},
				"description": ""
			},
			"response": []
		},
		{
			"name": "http://localhost:8080/api/getAllFocusLessons",
			"request": {
				"url": "http://localhost:8080/api/getAllFocusLessons",
				"method": "GET",
				"header": [],
				"body": {},
				"description": ""
			},
			"response": []
		}
	]
}